id,image
1,https://cdn3.geckoandfly.com/wp-content/uploads/2015/09/demotivational-quotes-01-830x467.jpg
2,https://cdn2.geckoandfly.com/wp-content/uploads/2015/09/demotivational-quotes-03-830x467.jpg
3,https://cdn4.geckoandfly.com/wp-content/uploads/2015/09/demotivational-quotes-04-830x467.jpg
4,https://cdn2.geckoandfly.com/wp-content/uploads/2015/09/demotivational-quotes-06-830x467.jpg
5,https://cdn.geckoandfly.com/wp-content/uploads/2015/09/demotivational-quotes-07-830x467.jpg
6,https://cdn.geckoandfly.com/wp-content/uploads/2015/09/demotivational-quotes-08-830x467.jpg
7,https://cdn3.geckoandfly.com/wp-content/uploads/2015/09/demotivational-quotes-09-830x467.jpg
8,https://cdn4.geckoandfly.com/wp-content/uploads/2015/09/demotivational-quotes-10-830x467.jpg
9,https://cdn3.geckoandfly.com/wp-content/uploads/2015/09/demotivational-quotes-11-830x467.jpg
10,https://cdn4.geckoandfly.com/wp-content/uploads/2015/09/demotivational-quotes-12-830x467.jpg
11,https://cdn4.geckoandfly.com/wp-content/uploads/2015/09/demotivational-quotes-13-830x467.jpg
12,https://cdn3.geckoandfly.com/wp-content/uploads/2015/09/demotivational-quotes-14-830x467.jpg
13,https://cdn.geckoandfly.com/wp-content/uploads/2015/05/unmotivated-motivated-quotes-01-830x467.jpg
14,https://cdn4.geckoandfly.com/wp-content/uploads/2015/05/unmotivated-motivated-quotes-02-830x467.jpg
15,https://cdn.geckoandfly.com/wp-content/uploads/2015/05/unmotivated-motivated-quotes-03-830x467.jpg
16,https://cdn2.geckoandfly.com/wp-content/uploads/2015/05/unmotivated-motivated-quotes-05-830x467.jpg
17,https://cdn3.geckoandfly.com/wp-content/uploads/2015/05/unmotivated-motivated-quotes-06-830x467.jpg
18,https://cdn3.geckoandfly.com/wp-content/uploads/2015/05/unmotivated-motivated-quotes-07-830x467.jpg
19,https://cdn4.geckoandfly.com/wp-content/uploads/2015/05/unmotivated-motivated-quotes-08-830x467.jpg
20,https://cdn.geckoandfly.com/wp-content/uploads/2015/05/unmotivated-motivated-quotes-09-830x467.jpg
21,https://cdn.geckoandfly.com/wp-content/uploads/2015/05/unmotivated-motivated-quotes-10-830x467.jpg
